"","DISEMBL_COILS","DISEMBL_REM465","DISEMBL_HOTLOOPS","DISOPRED","iupred_long","iupred_short"
"DISEMBL_COILS",1,0.376043943020576,0.466692549274569,0.349034776416142,0.414703559686501,0.466331690030615
"DISEMBL_REM465",0.376043943020576,1,0.571518429903071,0.589369849350397,0.689366812410529,0.753372589323498
"DISEMBL_HOTLOOPS",0.466692549274569,0.571518429903071,1,0.355836668813443,0.409382924131383,0.493761777421864
"DISOPRED",0.349034776416142,0.589369849350397,0.355836668813443,1,0.703915994668465,0.681617445443499
"iupred_long",0.414703559686501,0.689366812410529,0.409382924131383,0.703915994668465,1,0.915317843718205
"iupred_short",0.466331690030615,0.753372589323498,0.493761777421864,0.681617445443499,0.915317843718205,1
